CRATER_ID,LAT_CIRC_IMG,LON_CIRC_IMG,LAT_ELLI_IMG,LON_ELLI_IMG,DIAM_CIRC_IMG,DIAM_CIRC_SD_IMG,DIAM_ELLI_MAJOR_IMG,DIAM_ELLI_MINOR_IMG,DIAM_ELLI_ECCEN_IMG,DIAM_ELLI_ELLIP_IMG,DIAM_ELLI_ANGLE_IMG,LAT_ELLI_SD_IMG,LON_ELLI_SD_IMG,DIAM_ELLI_MAJOR_SD_IMG,DIAM_ELLI_MINOR_SD_IMG,DIAM_ELLI_ANGLE_SD_IMG,DIAM_ELLI_ECCEN_SD_IMG,DIAM_ELLI_ELLIP_SD_IMG,ARC_IMG,PTS_RIM_IMG
00-1-000000,-19.8304,264.757,-19.8905,264.665,940.96,21.3179,975.874,905.968,0.371666,1.07716,35.9919,0.00788792,0.00842373,0.63675,0.560417,0.373749,0.00208495,0.000968482,0.568712,8088
00-1-000001,44.7763,328.602,44.4083,329.046,249.84,5.99621,289.44,245.786,0.528111,1.17761,127.003,0.0111776,0.0151013,1.05278,0.209035,0.357296,0.00510045,0.00439887,0.627328,2785
00-1-000002,57.0866,82.0995,56.9,81.6464,599.778,21.579,632.571,561.435,0.460721,1.1267,149.162,0.0084645,0.0195153,0.776149,0.747352,0.374057,0.00309534,0.00203974,0.492373,5199
00-1-000003,1.96124,230.622,1.95072,230.588,558.762,14.1819,568.529,546.378,0.276416,1.04054,133.691,0.00707867,0.00783918,0.526945,0.532872,1.26271,0.00449557,0.0014,0.595221,4341
00-1-000004,-49.1496,266.347,-49.1833,266.353,654.332,17.5097,665.24,636.578,0.290365,1.04502,87.6468,0.00882679,0.0177327,0.568958,0.758631,1.38353,0.00462588,0.00153291,0.545924,5933
00-1-000005,-35.6024,208.486,-35.6221,208.49,505.312,12.8472,505.313,500.675,0.135169,1.00926,16.1189,0.00929176,0.010565,0.580106,0.827589,6.22741,0.0146167,0.00203114,0.557812,4433
00-1-000006,18.5231,175.55,18.5238,175.529,613.901,14.9925,630.708,599.553,0.31041,1.05196,8.9925,0.00603849,0.00764746,0.521808,0.41113,0.820895,0.00312823,0.00113041,0.621607,5143
00-1-000007,26.8611,149.162,26.8529,149.169,634.744,11.4685,638.324,629.685,0.163971,1.01372,168.301,0.00571334,0.0064757,0.403332,0.413216,2.46237,0.00540635,0.000923478,0.615811,5186
00-1-000008,-4.38375,202.528,-4.38541,202.558,429.664,15.636,430.221,426.394,0.133084,1.00898,80.0141,0.00799754,0.00854882,0.61135,0.618142,7.19803,0.0149834,0.00204822,0.741016,4076
00-1-000009,-32.6805,163.988,-32.7338,164.036,333.895,7.86563,355.845,319.81,0.438496,1.11268,72.0582,0.00682457,0.00657751,0.56011,0.367713,0.567546,0.00359057,0.00216889,0.585515,1559
00-1-000010,-57.2082,135.54,-57.2019,135.522,318.375,6.49627,324.868,312.342,0.275005,1.0401,28.5855,0.00580158,0.0114012,0.516221,0.411108,1.55657,0.0069355,0.00214609,0.739815,1664
00-1-000011,-55.8051,314.334,-55.8185,314.298,354.103,11.2012,361.984,337.898,0.358677,1.07128,106.197,0.0122755,0.0249771,0.748079,1.11679,2.24585,0.00946967,0.00417588,0.497896,1155
00-1-000012,-52.6979,177.587,-52.2431,178.169,2491.87,63.3979,2612.57,2373.25,0.418111,1.10084,155.272,0.0438573,0.0785313,3.49489,3.17211,0.67804,0.00373215,0.00208173,0.797656,1267
00-1-000013,8.25292,28.416,7.40101,28.2932,907.122,36.8429,959.59,746.815,0.627936,1.28491,174.121,0.192472,0.140802,10.5605,18.9616,2.45127,0.0266924,0.0355566,0.5101,17
00-1-000014,-22.442,344.611,-22.4573,344.529,659.206,29.9805,735.903,573.493,0.626644,1.28319,9.63469,0.100461,0.111687,7.504,7.43469,2.20945,0.015985,0.0211645,0.805077,15
00-1-000015,26.2091,147.494,26.1602,147.414,423.869,8.25326,442.05,409.136,0.378644,1.08045,36.702,0.009197,0.0112391,0.788066,0.633639,0.959514,0.00534259,0.00255149,0.85748,661
00-1-000016,16.3974,59.4647,15.9414,58.7868,1114.52,17.746,1223.79,1098.04,0.441541,1.11453,26.3656,0.0703188,0.096559,9.44304,1.60137,1.29601,0.0143177,0.0087522,0.185623,214
00-1-000017,27.0221,22.8638,26.4997,22.0053,866.199,10.6553,891.294,792.873,0.456789,1.12413,148.166,0.0507302,0.058401,1.37692,3.7464,1.54191,0.00861218,0.00558831,0.204433,194
00-1-000018,-1.39324,86.1165,-1.08437,85.917,954.724,7.55485,979.968,942.619,0.273444,1.03962,127.078,0.0629624,0.0300568,4.22524,1.65741,2.41695,0.0157553,0.00484085,0.177839,172
00-1-000019,-4.78646,291.203,-6.09377,291.428,463.755,5.20145,451.721,374.793,0.558211,1.20526,9.03887,0.030687,0.011137,0.377578,1.94966,0.566346,0.00649749,0.00635014,0.164592,165
00-1-000020,45.4832,152.893,45.5061,152.875,229.381,2.49119,233.763,225.266,0.267158,1.03772,169.608,0.00601885,0.00836257,0.489643,0.452377,2.18067,0.0100864,0.00301121,0.287867,228
00-1-000021,13.9617,201.639,13.9009,201.814,429.904,5.64043,452.586,414.201,0.403029,1.09267,48.4166,0.0153177,0.0272981,1.69035,0.865535,2.39326,0.008894,0.00467631,0.0868529,117
00-1-000022,-69.0838,111.708,-69.6198,112.818,296.911,8.23602,349.563,292.909,0.545778,1.19342,126.925,0.116851,0.302118,11.3129,1.65377,1.83859,0.0422628,0.0392058,0.273877,245
00-1-000023,-22.5644,353.409,-22.641,353.535,214.053,2.49586,234.321,212.619,0.420297,1.10207,147.264,0.0152435,0.0246244,3.1848,0.330027,1.22878,0.0267987,0.0150762,0.367041,199
00-1-000024,40.1834,251.963,39.5004,252.113,209.32,1.88784,200.054,164.58,0.568506,1.21554,8.53708,0.0352854,0.0137008,0.602972,2.33785,0.751542,0.0172873,0.0176511,0.212152,104
00-1-000025,34.2737,105.487,34.2684,105.482,208.894,0.815576,210.027,208.071,0.136163,1.0094,92.8625,0.00443358,0.0111101,0.484076,0.330205,22.6507,0.0201705,0.00282465,0.154597,121
00-1-000026,-57.2199,163.363,-57.2325,163.145,327.78,2.80926,329.476,317.547,0.26665,1.03757,101.955,0.00992966,0.0541885,0.614218,1.82627,3.41642,0.021061,0.0062729,0.37944,293
00-1-000027,51.1265,237.306,51.1396,237.428,659.596,24.3362,704.006,574.913,0.577161,1.22454,62.4142,0.0156006,0.0126882,0.541494,0.697244,0.354,0.00165938,0.00175859,0.0291177,79
00-1-000028,-2.52891,52.8579,-0.763819,53.4884,652.877,7.98545,794.235,625.922,0.615571,1.2689,57.7241,1.18646,0.197685,63.805,22.6133,7.56119,0.0888723,0.111771,0.0381772,50
00-1-000029,-25.9578,320.599,-25.5449,320.864,796.356,17.4751,866.747,748.937,0.503358,1.1573,77.9691,0.076126,0.0784454,6.26869,2.06802,1.77735,0.0114832,0.0089594,0.0952986,182
00-1-000030,-15.8284,34.7632,-15.8792,34.4699,871.995,12.1677,885.658,851.032,0.27688,1.04069,134.197,0.0418937,0.0558605,3.17899,3.27864,3.08453,0.0175595,0.00547978,0.346515,406
00-1-000031,34.2595,342.856,34.2075,342.933,1198.39,12.6831,1212.14,1186.65,0.204032,1.02149,51.8645,0.0232431,0.0326956,1.96258,1.54925,3.95418,0.00976962,0.0021246,0.255605,494
00-1-000032,-51.6705,23.5685,-51.7178,23.6088,444.257,1.47235,449.84,325.602,0.689991,1.38156,82.3231,0.00435931,0.0173408,0.310658,2.81722,0.179026,0.00659064,0.0119918,0.103929,50
00-1-000033,-17.3838,295.191,-16.8637,295.024,438.1,0.697193,432.56,400.92,0.375421,1.07892,23.2859,0.123269,0.0143957,2.45189,9.28938,6.1324,0.0545827,0.0257359,0.0275706,61
01-1-000000,61.0386,188.026,61.0368,187.864,13.5213,0.783893,20.3166,12.2268,0.798638,1.66165,3.04981,0.0008641,0.0108963,0.35938,0.0515582,0.525231,0.00824661,0.0302165,0.782975,125
01-1-000001,60.989,185.595,60.9761,185.599,13.0119,0.151797,13.1538,11.9469,0.418435,1.10102,5.0478,0.000761569,0.000703406,0.0188228,0.0560937,1.00121,0.00967668,0.00540433,0.714671,96
01-1-000002,60.8108,183.046,60.81,183.047,27.2383,0.610923,27.3152,26.9785,0.156511,1.01248,81.5169,0.00166236,0.00363765,0.120674,0.128763,18.3058,0.0405357,0.00658476,0.919356,294
01-1-000003,60.289,181.985,60.265,181.97,34.0852,0.353147,36.4163,34.0002,0.358174,1.07106,68.415,0.00488087,0.00306953,0.318777,0.0569719,2.97327,0.0216913,0.00954596,0.442108,158
01-1-000004,60.0685,179.072,60.0774,179.067,9.41146,0.159574,9.60987,8.57067,0.452309,1.12125,23.1421,0.00117269,0.000848779,0.031085,0.0762845,2.18128,0.016654,0.0106185,0.715315,72
01-1-000005,61.2535,178.486,61.2506,178.485,20.4314,0.762848,22.4197,18.7264,0.549852,1.19723,62.4927,0.000996074,0.0023426,0.0789084,0.0649562,1.0541,0.00627,0.00591624,0.857934,200
01-1-000006,61.1238,177.714,61.1257,177.715,9.70902,0.0833155,9.80141,9.4815,0.253403,1.03374,155.652,0.000485899,0.000614972,0.0208986,0.0383604,3.42158,0.0168886,0.00472759,0.778118,86
01-1-000007,60.942,176.478,60.942,176.478,10.5378,0.098037,10.6178,10.4487,0.177726,1.01618,76.1288,0.000381004,0.000779517,0.0283936,0.0281994,7.76255,0.0207022,0.00386079,0.978289,124
01-1-000008,61.894,180.175,61.8935,180.173,14.0578,0.314689,14.5648,13.4532,0.383158,1.08262,107.286,0.000666643,0.00142812,0.0492616,0.0514927,2.04048,0.0113737,0.00552981,0.932164,159
01-1-000009,61.5267,173.07,61.5268,173.07,14.2656,0.187924,14.6119,13.9089,0.306448,1.05054,125.893,0.000402297,0.000831475,0.0300548,0.0293359,1.96619,0.00871076,0.00309496,0.982667,166
01-1-000010,60.8844,165.81,60.8879,165.812,17.3539,0.345793,17.644,16.7827,0.30863,1.05132,160.424,0.00219033,0.0022725,0.0824919,0.135191,6.55887,0.0273035,0.00979188,0.751627,143
01-1-000011,61.2513,166.653,61.2494,166.652,12.0913,0.4956,13.6964,10.4524,0.646228,1.31037,17.3948,0.000506988,0.00112271,0.0397926,0.0356056,0.572481,0.00403488,0.00586673,0.893328,133
01-1-000012,60.5429,160.113,60.5427,160.114,10.7721,0.333497,11.4719,10.0567,0.481147,1.14072,101.636,0.000717361,0.00133986,0.0531725,0.049151,1.67395,0.0107585,0.0076836,1,126
01-1-000013,61.3704,161.061,61.3699,161.059,8.96958,0.148347,9.16241,8.7209,0.306679,1.05063,151.274,0.000427213,0.000924828,0.0304099,0.0344721,3.39466,0.0152472,0.00542274,0.882792,96
01-1-000014,61.0881,161.596,61.0876,161.592,11.7217,0.264264,12.0393,11.2615,0.353601,1.06907,84.0853,0.000899052,0.00225228,0.0605316,0.0754378,4.60849,0.0207251,0.00895413,0.803193,106
01-1-000015,61.1596,157.334,61.1645,157.325,18.6929,0.335791,18.9127,18.0039,0.306256,1.05048,47.2153,0.00263031,0.00282647,0.0789399,0.170427,6.34839,0.0306122,0.0108677,0.717732,143
01-1-000016,61.3554,162.487,61.3549,162.487,8.6585,0.154333,8.83127,8.44996,0.290674,1.04513,168.069,0.000628542,0.00151312,0.0431155,0.046201,6.7442,0.0230869,0.00766085,0.814288,81
01-1-000017,60.9464,163.512,60.9465,163.512,11.0896,0.184218,11.3137,10.8491,0.283614,1.04282,53.8343,0.000636579,0.00128562,0.0476015,0.0456763,4.72576,0.0192985,0.00620697,0.98077,127
01-1-000018,61.6746,164.399,61.6762,164.399,8.99574,0.0917464,9.10035,8.77864,0.263541,1.03665,176.518,0.000487689,0.000689093,0.0246488,0.0392171,3.67937,0.0184467,0.00541576,0.81594,83
01-1-000019,61.5794,165.132,61.5762,165.125,11.8502,0.179454,12.4274,11.5683,0.36534,1.07426,42.3051,0.000551378,0.00125269,0.0563388,0.0300583,1.74894,0.0123935,0.00561329,0.805432,111
01-1-000020,61.4953,168.617,61.5052,168.619,11.6309,0.400495,12.3927,10.2556,0.561393,1.20839,163.63,0.00104508,0.00163718,0.0579076,0.0776724,1.41204,0.010856,0.0107536,0.798794,107
01-1-000021,62.1328,170.382,62.1329,170.382,8.82122,0.129988,9.11344,8.52097,0.354677,1.06953,87.3255,0.000386949,0.000794256,0.0286101,0.0276436,2.2222,0.0111271,0.00482833,0.968892,100
01-1-000022,62.3499,172.394,62.35,172.395,9.52443,0.127442,9.77825,9.27024,0.31813,1.0548,94.2768,0.000306671,0.000624893,0.0227042,0.0215234,2.04356,0.00927689,0.00346352,1,112
01-1-000023,63.3086,171.441,63.3108,171.455,11.5848,0.29189,12.1701,10.6057,0.490473,1.1475,123.937,0.000390508,0.00116855,0.0287972,0.0388603,0.965693,0.00675355,0.00500508,0.80958,104
01-1-000024,63.0361,173.628,63.0321,173.626,9.67902,0.230942,10.2643,8.89293,0.499363,1.15421,178.872,0.000642802,0.00131334,0.0352087,0.0431545,1.55283,0.00893288,0.00685903,0.716361,77
01-1-000025,62.005,173.287,62.0051,173.288,8.72143,0.199124,8.95658,8.46291,0.327413,1.05833,41.6212,0.000682993,0.00151495,0.0523909,0.0503364,4.9405,0.022748,0.00882889,0.958093,97
01-1-000026,61.6941,172.365,61.6953,172.364,83.2894,1.46455,83.6108,82.7636,0.141995,1.01024,166.721,0.00180345,0.00373407,0.128585,0.12953,7.63145,0.0151412,0.00221667,0.95062,909
01-1-000027,62.8265,177.193,62.8215,177.181,14.5861,0.683581,16.2786,12.4893,0.641382,1.3034,155.77,0.000958441,0.00249649,0.0746212,0.0759131,0.996982,0.00698686,0.00992286,0.837822,138
01-1-000028,62.5616,175.174,62.57,175.188,8.81791,0.461453,10.4205,7.93042,0.648708,1.314,46.7777,0.00154287,0.00304714,0.147348,0.0697776,1.49706,0.0148691,0.0218835,0.835889,87
01-1-000029,62.465,177.632,62.4484,177.644,34.1025,1.08085,35.281,31.603,0.444552,1.11638,24.9292,0.0024996,0.0042158,0.139095,0.202455,1.83854,0.0135767,0.00839755,0.811082,324
01-1-000030,63.3087,179.725,63.3068,179.722,14.2857,0.228073,14.7482,13.6439,0.379672,1.08094,128.618,0.000540658,0.000856209,0.0279998,0.0357999,1.5323,0.00730061,0.00350083,0.808584,134
01-1-000031,63.1586,184.163,63.1589,184.163,23.9923,0.816731,24.781,23.0168,0.370559,1.07665,79.4938,0.00201111,0.00431777,0.146779,0.138835,4.00235,0.019681,0.00910173,0.933274,250
01-1-000032,62.9907,188.895,62.9908,188.895,19.1243,0.390788,19.7899,18.4405,0.362928,1.07317,115.378,0.000730227,0.00153125,0.0536138,0.0510559,1.86349,0.00926745,0.00415708,1,225
01-1-000033,61.9458,189.465,61.9446,189.462,11.5765,0.390488,11.887,11.2451,0.324155,1.05708,50.2254,0.00238697,0.00274286,0.1349,0.105987,11.079,0.0407274,0.0155941,0.789975,105
01-1-000034,62.5659,190.594,62.5657,190.596,10.6494,0.311632,11.2584,10.073,0.446651,1.11768,29.587,0.000670738,0.00176298,0.0581075,0.0487505,2.25613,0.0126808,0.00790807,0.897485,111
01-1-000035,62.2349,192.972,62.2497,192.978,16.1007,0.272919,16.3905,14.7824,0.431966,1.10878,165.804,0.00142851,0.00142186,0.0452611,0.107141,1.5953,0.014605,0.00859985,0.737387,123
01-1-000036,62.035,197.077,62.0132,197.159,22.691,0.538268,26.4288,21.9854,0.554967,1.20211,150.75,0.00202944,0.00692844,0.263952,0.063253,0.962471,0.01296,0.012494,0.741677,192
01-1-000037,61.7687,198.048,61.7729,198.042,26.9385,0.479322,27.57,26.5353,0.271385,1.03899,118.106,0.00149203,0.00413538,0.139382,0.0766979,5.27206,0.0198781,0.00605058,0.759669,235
01-1-000038,60.5461,201.538,60.546,201.538,14.1778,0.184657,14.2221,14.1029,0.129187,1.00845,83.6573,0.000704507,0.00142019,0.0524167,0.0518686,20.3413,0.0396314,0.00525076,1,170
01-1-000039,60.224,202.778,60.2233,202.778,14.348,0.545933,15.9725,12.7559,0.601847,1.25217,9.23979,0.000879725,0.00208238,0.0753788,0.0648777,1.03705,0.00735256,0.00868796,1,168
01-1-000040,61.323,205.806,61.3235,205.801,9.06951,0.117555,9.1945,8.7547,0.305576,1.05024,76.8323,0.000386791,0.00133207,0.0285101,0.0509917,3.17238,0.0195771,0.00692992,0.78447,83
01-1-000041,61.8748,201.09,61.8748,201.09,7.77174,0.112823,8.00679,7.53594,0.337867,1.06248,178.558,0.000302695,0.000674099,0.0234883,0.0224784,2.29275,0.010969,0.00444506,0.967256,89
01-1-000042,62.0534,199.194,62.0542,199.197,10.1182,0.22345,10.307,9.78466,0.314297,1.05338,110.497,0.000716897,0.00182746,0.0520501,0.0691377,4.7072,0.0249036,0.00914864,0.844524,100
01-1-000043,62.2769,200.437,62.2767,200.439,9.08975,0.39343,9.42365,8.67788,0.389888,1.08594,106.52,0.00125405,0.00252696,0.0908581,0.0855219,5.76492,0.0299862,0.0149719,1,105
01-1-000044,62.692,196.63,62.6928,196.628,10.2426,0.230191,10.7313,9.67398,0.432841,1.1093,34.8579,0.000509835,0.00114977,0.0378762,0.0390839,1.69719,0.0100721,0.00595103,0.911376,109
01-1-000045,63.0131,194.513,63.0131,194.513,12.7017,0.160888,12.8711,12.5159,0.23331,1.02838,149.084,0.000492774,0.00109514,0.0369763,0.0365981,4.82345,0.0166134,0.00421555,0.985221,147
01-1-000046,63.6221,194.157,63.622,194.157,11.5742,0.188095,11.9285,11.2074,0.342415,1.06434,178.473,0.000442665,0.00103634,0.0339689,0.0329129,2.17961,0.0105459,0.00435389,1,138
01-1-000047,63.8658,188.705,63.8723,188.703,45.4366,0.736077,46.5927,43.8394,0.338662,1.0628,172.095,0.00104296,0.00206655,0.0677358,0.0801426,1.18581,0.0061058,0.00248237,0.885126,448
01-1-000048,64.245,183.514,64.2416,183.506,13.2911,0.391121,13.8865,12.3506,0.457146,1.12436,123.246,0.00123722,0.00290124,0.0896736,0.103949,2.60963,0.0183562,0.0119277,0.868935,133
01-1-000049,64.168,185.498,64.1676,185.5,8.27519,0.120922,8.42043,8.07099,0.285087,1.04329,84.4671,0.000455243,0.00116472,0.0341618,0.0402273,4.48041,0.0207105,0.00670485,0.878256,84
01-1-000050,63.0117,181.065,63.0127,181.073,18.1349,0.946038,21.0806,15.4327,0.68122,1.36597,174.079,0.00105248,0.00298727,0.0993563,0.0787986,0.723542,0.0054668,0.00949175,0.968895,197
01-1-000051,63.2202,181.541,63.2264,181.532,24.8518,0.676312,26.0587,23.4065,0.439544,1.11331,4.15538,0.0030054,0.00617887,0.166253,0.1707,3.39699,0.0177858,0.0107876,0.725378,189
01-1-000052,63.5505,179.886,63.5564,179.887,10.3823,0.140777,10.5398,9.83685,0.359095,1.07147,5.9455,0.00100486,0.00108005,0.0280548,0.0644573,2.84247,0.017156,0.00757808,0.71236,83
01-1-000053,64.1041,178.193,64.1043,178.193,38.2615,0.751549,39.3537,37.1587,0.329303,1.05907,67.6307,0.00111031,0.00243082,0.0825139,0.077335,1.73695,0.00799842,0.00312878,0.995954,429
01-1-000054,63.7623,179.637,63.7641,179.639,9.52937,0.123695,9.69386,9.24476,0.300847,1.04858,152.774,0.00171646,0.00147011,0.0608645,0.088485,8.5659,0.0346053,0.012003,0.715191,73
01-1-000055,64.059,178.778,64.0589,178.778,9.483,0.203675,9.9392,9.01397,0.421321,1.10264,175.566,0.00046404,0.00113105,0.0371958,0.035284,1.75046,0.0105719,0.00597134,1,106
01-1-000056,64.1383,180.676,64.1383,180.676,9.08681,0.0996244,9.14139,9.01672,0.164588,1.01383,137.904,0.000913583,0.00107061,0.0426811,0.0465147,21.3096,0.0411293,0.00705407,0.778073,75
01-1-000057,64.4658,180.671,64.4659,180.671,14.4263,0.310183,15.1674,13.6799,0.431889,1.10874,107.802,0.000644847,0.00139448,0.0477825,0.0446271,1.4506,0.0085419,0.00502821,0.982114,163
01-1-000058,62.8049,183.523,62.8072,183.51,110.159,1.60993,111.293,108.967,0.203407,1.02135,4.57335,0.0027917,0.00673611,0.223322,0.199438,4.35598,0.0127998,0.00277393,0.669679,713
01-1-000059,63.5005,176.035,63.5003,176.035,8.21572,0.195803,8.5407,7.88735,0.383594,1.08283,76.1039,0.000605707,0.00127623,0.0455503,0.0421435,3.08499,0.0167849,0.00817479,0.973121,96
01-1-000060,64.5669,175.392,64.5716,175.387,14.4478,0.379811,15.2155,13.398,0.473947,1.13565,29.5092,0.00174414,0.00214124,0.0773882,0.0935144,2.73175,0.0141289,0.00980779,0.762226,124
01-1-000061,64.384,172.527,64.3841,172.527,16.4755,0.251328,16.5298,16.394,0.127946,1.00829,1.38311,0.000632068,0.00144137,0.0454209,0.0464118,16.396,0.0303307,0.00397797,1,198
01-1-000062,63.8351,170.128,63.8346,170.131,17.7949,0.51441,18.9567,16.6244,0.480549,1.14029,76.7184,0.00120829,0.00248375,0.0892172,0.0798,1.72766,0.0107587,0.0076656,0.98954,204
01-1-000063,63.2432,165.139,63.245,165.149,14.1779,0.191141,14.3677,13.6577,0.310465,1.05198,102.651,0.000523267,0.0016866,0.03014,0.0603417,2.47018,0.0142349,0.0051451,0.758272,120
01-1-000064,62.9436,164.297,62.9538,164.322,19.4175,0.718143,22.0504,17.7935,0.590625,1.23924,59.0636,0.0010056,0.00229453,0.0914957,0.0491076,0.742919,0.00549419,0.00617563,0.826723,174
01-1-000065,62.6793,162.439,62.6709,162.438,11.4943,0.431195,11.9974,10.4517,0.490986,1.14789,6.06836,0.00199222,0.0029974,0.0860562,0.132283,3.73789,0.0224871,0.0166993,0.73681,92
01-1-000066,62.9494,162.779,62.9527,162.783,17.1482,0.178701,17.3264,16.7139,0.263545,1.03665,154.051,0.000664083,0.00115779,0.0322149,0.0573007,2.64097,0.0137706,0.00404298,0.785548,150
01-1-000067,62.5341,161.565,62.5346,161.564,10.904,0.864014,13.6341,8.39337,0.788048,1.6244,94.6373,0.00100426,0.00153245,0.0730938,0.0530284,0.543886,0.0039848,0.0134597,1,125
01-1-000068,61.0049,156.089,61.0047,156.089,12.039,0.207672,12.2284,11.8336,0.252045,1.03336,45.0918,0.000539581,0.00112917,0.0404344,0.039523,4.84109,0.0174623,0.00485665,0.978688,140
01-1-000069,62.4875,154.858,62.4867,154.859,50.4545,1.59188,52.5884,48.0453,0.406588,1.09456,127.145,0.0021209,0.0045303,0.15908,0.152624,1.60388,0.00900521,0.00480135,1,549
01-1-000070,61.5818,152.947,61.58,152.941,9.08739,0.163476,9.50065,8.86566,0.359454,1.07162,35.0494,0.000567453,0.00376504,0.101261,0.051568,5.71739,0.029415,0.0130119,0.731016,70
01-1-000071,61.5893,152.323,61.5894,152.314,17.6015,0.441556,18.2834,16.6435,0.413933,1.09853,116.539,0.000883467,0.00237305,0.0661529,0.0799968,2.17455,0.0120437,0.00660887,0.838955,161
01-1-000072,60.4106,152.346,60.4107,152.347,13.6952,0.191669,14.0497,13.3357,0.31473,1.05354,141.713,0.000406995,0.000826876,0.0309378,0.0298035,1.96956,0.00898125,0.00330542,1,165
01-1-000073,60.4893,154.356,60.4896,154.367,8.97966,0.224649,9.84511,8.50397,0.503876,1.15771,9.63396,0.000372079,0.00136741,0.0512312,0.0279295,1.15404,0.00911171,0.00712392,0.829957,88
01-1-000074,60.6651,148.845,60.6648,148.845,11.8793,0.312335,12.6574,11.11,0.479114,1.13927,165.54,0.000487298,0.00107389,0.0389015,0.0356723,1.14748,0.00714738,0.00506372,1,142
01-1-000075,60.3017,149.602,60.3266,149.601,28.243,0.578292,28.3512,26.3607,0.368086,1.07551,175.739,0.0067119,0.00354255,0.11631,0.442742,5.03767,0.0406069,0.0185948,0.518518,144
01-1-000076,60.8359,149.209,60.8306,149.208,11.8373,0.327514,12.888,11.0517,0.514452,1.16615,79.4699,0.00082861,0.00162176,0.0587911,0.0370438,1.38414,0.00809125,0.00660128,0.738385,100
01-1-000077,60.3311,147.686,60.3278,147.685,9.10575,0.114033,9.27658,8.71835,0.34166,1.06403,169.917,0.000427521,0.00057004,0.0207448,0.0343073,1.80202,0.011701,0.00481591,0.792439,82
01-1-000078,60.5676,147.823,60.5581,147.817,7.51545,0.404133,8.93205,6.73206,0.657222,1.32679,83.9031,0.0019092,0.00244119,0.133485,0.0608919,2.02166,0.0150987,0.0231772,0.766491,69
01-1-000079,62.0931,151.096,62.093,151.097,10.7144,0.309007,11.3016,10.1039,0.448011,1.11853,69.1215,0.000695923,0.00142018,0.0514539,0.0484246,1.99399,0.0117935,0.00739396,0.979682,124
01-1-000080,61.0747,149.711,61.0809,149.72,14.6535,0.836492,16.6358,12.2121,0.679057,1.36224,165.155,0.00124331,0.00301924,0.0943075,0.0956502,1.09505,0.00767281,0.0131711,0.826406,144
01-1-000081,61.3245,150.33,61.3249,150.335,13.0378,0.251382,13.3101,12.604,0.321382,1.05602,85.4323,0.000792378,0.002141,0.0525847,0.071842,4.50016,0.0193506,0.00732378,0.801852,117
01-1-000082,63.1666,158.291,63.1668,158.295,11.438,0.23571,11.8478,11.0771,0.354797,1.06958,22.0676,0.00134022,0.0019969,0.0758984,0.0612822,4.97005,0.0208537,0.00905331,0.751982,95
01-1-000083,63.4366,158.451,63.4353,158.447,18.8588,0.472081,19.0805,18.5768,0.228247,1.02711,48.9306,0.0027014,0.00371411,0.172337,0.126715,15.2421,0.0470052,0.0116253,0.817409,174
01-1-000084,63.166,159.12,63.1669,159.119,9.00757,0.115982,9.22074,8.72858,0.322338,1.05638,20.7827,0.000447352,0.0012843,0.0304758,0.0363102,3.84579,0.0147704,0.00561266,0.784166,78
01-1-000085,64.2986,158.376,64.3178,158.361,16.5877,0.284646,16.8893,14.8962,0.471269,1.1338,20.1238,0.00127568,0.00152678,0.0398396,0.0974942,1.13816,0.0114837,0.00788785,0.728258,127
01-1-000086,63.758,157.913,63.7695,157.86,10.7339,0.342768,10.9505,8.65439,0.612693,1.26531,60.7326,0.00116187,0.00443414,0.062012,0.153341,1.5802,0.0189629,0.0235363,0.685671,74
01-1-000087,64.2184,161.09,64.2246,161.093,9.57693,0.289595,10.6998,8.87615,0.558411,1.20545,63.7484,0.000685212,0.000972745,0.05235,0.0299353,0.956733,0.0073233,0.00716325,0.839416,91
01-1-000088,63.7112,161.265,63.7054,161.272,15.6264,0.359213,16.4266,14.4914,0.470894,1.13354,27.8749,0.00100728,0.00108225,0.0416537,0.0533757,1.33999,0.00739056,0.0050689,0.750169,120
01-1-000089,65.0295,172.819,65.0296,172.819,10.0828,0.271922,10.5866,9.56726,0.428131,1.10654,78.566,0.000811748,0.00177182,0.0593033,0.0547063,2.7078,0.0152699,0.00885758,0.977048,112
01-1-000090,65.937,173.529,65.9401,173.533,17.0807,0.519085,17.8545,16.0671,0.436111,1.11124,137.488,0.00107578,0.00240483,0.074777,0.0818879,1.89664,0.0122492,0.0073305,0.875861,163
01-1-000091,65.2548,177.786,65.2639,177.792,33.9326,0.813977,35.357,33.052,0.355152,1.06974,81.4345,0.0026858,0.0050202,0.20382,0.11451,3.38974,0.0165487,0.00719465,0.790208,293
01-1-000092,65.8326,178.536,65.8327,178.535,22.5347,0.40355,22.6708,22.3217,0.174828,1.01564,127.962,0.00113086,0.00271028,0.0817038,0.0837291,11.2025,0.0288442,0.00528313,1,235
01-1-000093,65.0896,179.67,65.0886,179.672,14.6638,0.420578,15.5648,13.7794,0.46503,1.12957,10.592,0.000835377,0.00189485,0.0568059,0.054146,1.69803,0.00903845,0.00605776,0.839664,134
01-1-000094,65.3442,180.676,65.344,180.675,11.4185,0.236144,11.8545,10.9643,0.380195,1.08119,73.1864,0.000720729,0.0016577,0.0537155,0.0508688,2.75172,0.0145918,0.00701168,0.972935,122
01-1-000095,62.8503,201.023,62.8499,201.024,13.5313,0.857644,16.2128,11.0621,0.731067,1.46562,95.8009,0.000769545,0.00126521,0.0568633,0.0436,0.436265,0.00335972,0.00773256,1,158
01-1-000096,61.1455,210.233,61.145,210.229,37.0947,0.811985,38.4372,35.5701,0.378972,1.0806,104.719,0.0018391,0.00405543,0.134079,0.13012,2.46692,0.0114223,0.00546212,0.875494,361
01-1-000097,60.9582,214.123,60.9585,214.124,28.5488,0.87386,29.499,27.444,0.366704,1.07488,18.5428,0.00164895,0.00359246,0.125706,0.120201,2.9501,0.0144233,0.00656839,0.957881,319
01-1-000098,60.7799,213.28,60.7758,213.273,37.5979,0.473688,38.2234,36.6075,0.287689,1.04414,147.068,0.00100346,0.00356789,0.0708673,0.105381,2.95349,0.0109169,0.00357519,0.754185,285
01-1-000099,61.6174,209.703,61.6113,209.711,73.029,1.35053,74.6255,71.7275,0.275969,1.0404,102.485,0.00224943,0.00403804,0.179557,0.137157,2.35861,0.0102886,0.00319758,0.876201,623
01-1-000100,64.6934,198.497,64.6934,198.503,143.394,2.72745,145.854,140.673,0.264165,1.03683,84.1484,0.00267377,0.0060642,0.198289,0.191426,1.7742,0.00677345,0.00199439,0.995513,1232
01-1-000101,64.8957,211.952,64.8963,211.954,43.665,0.894124,44.7361,42.4968,0.312418,1.05269,2.20637,0.00152155,0.00377735,0.118119,0.111885,2.44327,0.01077,0.00392516,1,482
01-1-000102,64.3055,217.229,64.2989,217.255,129.759,1.65133,131.152,127.52,0.233713,1.02848,57.6296,0.00193911,0.00530821,0.142118,0.183768,1.81361,0.00729338,0.0018544,0.866017,969
01-1-000103,65.0554,214.836,65.0529,214.897,21.2384,0.673365,22.2544,18.5536,0.552207,1.19946,73.0091,0.00105483,0.00492756,0.0775572,0.137348,1.2803,0.0102988,0.00981406,0.750095,157
01-1-000104,61.6901,216.719,61.6937,216.705,44.0304,0.793131,45.0028,43.4086,0.263807,1.03673,163.935,0.00164973,0.00482757,0.185754,0.10826,3.61055,0.0170084,0.00499966,0.832539,365
01-1-000105,61.1215,218.993,61.1153,218.991,29.6124,0.597627,30.9417,28.0048,0.425237,1.10487,6.84076,0.000674864,0.00134387,0.0486678,0.0517516,0.748549,0.00467479,0.00268121,0.899582,284
01-1-000106,61.7396,215.522,61.7396,215.522,9.43113,0.119002,9.58617,9.2697,0.254827,1.03414,69.6082,0.000393115,0.00080818,0.0292766,0.0283972,4.24372,0.0158729,0.0044734,1,113
01-1-000107,62.5759,212.255,62.5759,212.255,10.5403,0.13544,10.6702,10.3998,0.223697,1.026,155.457,0.000384852,0.000842016,0.0288443,0.028661,4.94158,0.0163937,0.00396077,1,124
01-1-000108,64.894,201.822,64.8939,201.822,10.5053,0.252477,10.8699,10.1246,0.363912,1.07361,61.4783,0.0006868,0.00156296,0.0518183,0.0489132,3.10694,0.0161806,0.00728678,0.983026,121
01-1-000109,65.4756,199.948,65.4756,199.947,10.5683,0.146491,10.8179,10.3092,0.303039,1.04934,174.638,0.000356047,0.000882357,0.0270399,0.0264852,2.46983,0.010742,0.00376126,1,130
01-1-000110,65.3916,201.386,65.3917,201.386,10.9386,0.182662,11.0296,10.8246,0.191927,1.01894,172.04,0.000594143,0.00143144,0.0445529,0.0444268,9.94645,0.028899,0.00586769,1,128
01-1-000111,66.6729,178.788,66.6726,178.788,31.4774,0.422339,31.8844,31.05,0.227282,1.02687,47.5754,0.000952486,0.00233209,0.0722286,0.0674715,3.86988,0.0130978,0.00322341,0.969131,358
01-1-000112,66.4463,180.181,66.4384,180.191,14.7835,0.346219,15.8102,13.3594,0.534788,1.18345,30.8267,0.00050686,0.00290335,0.0489848,0.0555268,1.12709,0.00692137,0.00613515,0.718115,116
01-1-000113,66.3163,175.651,66.3164,175.651,17.8985,0.317506,18.3528,17.43,0.313103,1.05294,90.5866,0.000585006,0.00139944,0.0436009,0.0420607,2.13765,0.00975507,0.00356559,1,210
01-1-000114,66.7283,174.405,66.7282,174.404,14.8846,0.181449,15.0696,14.6807,0.225702,1.02649,64.0218,0.000871599,0.00156631,0.0495035,0.0494698,7.26081,0.0197882,0.00483062,0.820207,138
01-1-000115,66.4621,173,66.4751,173,21.7431,0.749114,24.4541,19.5543,0.60049,1.25057,68.4176,0.00144908,0.00478641,0.115813,0.0792681,1.05365,0.006638,0.00779599,0.732587,163
01-1-000116,65.926,167.575,65.9238,167.568,19.1679,0.3697,19.7216,18.3714,0.363651,1.0735,108.05,0.000841266,0.0020791,0.0564977,0.0684564,2.13075,0.0112158,0.00504564,0.858496,183
01-1-000117,65.4918,165.466,65.5443,165.481,56.0496,0.99761,57.074,52.1083,0.407968,1.09529,8.93357,0.00577948,0.00543195,0.168878,0.399917,1.61994,0.0168061,0.00900921,0.604683,294
01-1-000118,63.277,165.392,63.2716,165.374,127.317,1.22745,128.879,126.265,0.200398,1.02071,27.2346,0.00194263,0.00446879,0.178503,0.116176,2.37783,0.00796424,0.00169723,0.825508,858
01-1-000119,65.3015,162.178,65.329,162.182,27.9307,0.449869,27.792,25.9488,0.358115,1.07103,176.124,0.0049417,0.00462317,0.103759,0.330795,3.90539,0.0323357,0.014227,0.624258,161
01-1-000120,62.988,151.831,62.9871,151.834,24.0399,0.786192,25.1827,22.7021,0.432791,1.10927,45.1854,0.0019782,0.00425711,0.145544,0.136666,2.81935,0.0156706,0.00925713,0.976812,266
01-1-000121,61.448,146.097,61.448,146.097,21.9057,0.288108,22.2824,21.4987,0.262881,1.03645,47.7563,0.000593668,0.00122801,0.0440199,0.0438976,2.60305,0.0100608,0.0029447,1,252
01-1-000122,61.0811,140.373,61.0809,140.372,11.7911,0.321272,12.4196,11.1556,0.439542,1.11331,85.8148,0.000718892,0.00136394,0.0535778,0.0494801,1.86492,0.0113572,0.00688846,0.985792,138
01-1-000123,61.8098,135.82,61.8177,135.811,40.8719,0.778943,42.0407,39.3297,0.35329,1.06893,51.2807,0.00225981,0.00261906,0.111359,0.133254,2.66259,0.0106538,0.00459713,0.654604,299
01-1-000124,61.695,137.734,61.6918,137.748,49.4654,0.908483,50.7422,44.1946,0.491349,1.14815,74.1951,0.00101361,0.00383494,0.0816723,0.240924,0.714462,0.00877547,0.00652622,0.462786,250
01-1-000125,65.3417,144.909,65.3342,144.876,112.243,2.19803,116.244,108.224,0.364992,1.0741,153.444,0.00222962,0.00622662,0.1961,0.179216,0.958433,0.00561383,0.00253909,0.686521,730
01-1-000126,61.7342,144.08,61.7406,144.085,34.8336,0.662123,35.2419,33.8631,0.276971,1.04071,147.429,0.00240044,0.0033346,0.110841,0.176668,4.65935,0.0203071,0.00633984,0.804802,309
01-1-000127,63.0046,145.307,63.0177,145.313,14.6475,0.333605,16.6133,14.0904,0.529778,1.17906,91.3403,0.00133793,0.00086644,0.0784885,0.0262473,1.09983,0.0068955,0.00598773,0.541814,92
01-1-000128,63.3496,145.446,63.3476,145.446,15.3109,0.209164,15.5237,15.1938,0.205054,1.02171,96.3878,0.00115465,0.0013924,0.0837006,0.0432702,8.3165,0.0284868,0.00623009,0.784566,138
01-1-000129,64.5026,149.487,64.5082,149.491,18.2225,0.633979,19.9895,16.8463,0.538293,1.18658,82.1148,0.00131866,0.00269743,0.0925055,0.0670184,1.3829,0.008052,0.00724125,0.801576,163
01-1-000130,64.294,147.426,64.2875,147.418,23.8765,0.565729,24.5039,22.508,0.395315,1.08868,143.804,0.00190506,0.00286938,0.0920536,0.168079,3.13895,0.0178412,0.0091005,0.608198,172
01-1-000131,65.0464,150.713,65.0456,150.718,22.943,1.35136,25.8161,19.9035,0.636866,1.29706,36.5322,0.0016887,0.00412025,0.132516,0.116404,1.00933,0.00726267,0.0100931,0.992387,262
01-1-000132,64.9799,152.157,64.9807,152.157,18.7267,0.42081,19.1008,18.4057,0.267313,1.03776,8.95281,0.00120219,0.00403894,0.126956,0.0873794,7.32023,0.0283724,0.00847643,0.720266,157
01-1-000133,65.1001,153.324,65.1,153.324,11.8095,0.191404,12.0383,11.5722,0.275564,1.04028,42.6757,0.000489405,0.00116172,0.0369314,0.0355755,3.64875,0.0145639,0.00451802,0.98633,137
01-1-000134,66.0028,158.063,66.0021,158.063,17.3225,0.588833,18.4781,16.1218,0.488644,1.14615,36.9835,0.00104361,0.00262242,0.0801098,0.0738768,1.57774,0.00982722,0.00723023,1,203
01-1-000135,66.1363,156.703,66.1343,156.713,32.1861,0.588541,32.8276,31.6303,0.267614,1.03785,176.219,0.0016978,0.00457289,0.136476,0.113763,4.67098,0.0190705,0.00570533,0.633585,215
01-1-000136,66.8722,161.809,66.847,161.823,11.9159,0.467293,14.5711,10.965,0.658569,1.32887,98.4056,0.00204314,0.00201019,0.153949,0.0473775,0.823526,0.00981524,0.0151687,0.799089,110
01-1-000137,66.7037,162.721,66.7142,162.696,17.9099,0.283767,19.1652,16.8537,0.476102,1.13715,174.869,0.00113459,0.00350661,0.114762,0.075082,1.34035,0.0121227,0.00848705,0.63494,127
01-1-000138,67.4074,171.04,67.4072,171.041,14.3155,0.422779,15.2375,13.3967,0.476463,1.1374,7.93303,0.000731609,0.00209911,0.0600197,0.0545531,1.43393,0.00919128,0.00644393,0.987185,168
01-1-000139,67.4949,175.965,67.4926,175.967,18.2655,0.552473,19.3433,17.0827,0.46912,1.13233,12.9986,0.00128297,0.00280142,0.0770308,0.0794798,1.91758,0.0101817,0.00693463,0.812743,160
01-1-000140,68.3802,177.648,68.3803,177.647,18.4872,0.405669,19.0246,17.9054,0.337937,1.06251,156.186,0.000850931,0.00235358,0.0645079,0.062468,2.67165,0.0127523,0.00516918,1,217
01-1-000141,67.7077,178.777,67.7078,178.776,11.3525,0.217496,11.4882,11.1855,0.228007,1.02705,34.9197,0.00073582,0.00193936,0.0545429,0.0534458,8.56974,0.0280064,0.00691806,0.984791,133
01-1-000142,67.2795,181.774,67.2795,181.775,12.3794,0.44182,13.4218,11.3227,0.53697,1.18539,163.559,0.00089334,0.00260214,0.075454,0.0669952,1.52723,0.010817,0.00967485,0.986326,145
01-1-000143,67.5231,183.074,67.524,183.057,14.8231,0.666338,16.8626,13.13,0.627467,1.28429,160.167,0.000814977,0.00330439,0.0868385,0.0596166,1.0068,0.00663381,0.00881736,0.858564,147
01-1-000144,67.2973,186.615,67.2923,186.622,13.3812,0.138021,13.9052,13.2328,0.307213,1.05082,119.028,0.0007278,0.00111574,0.0587304,0.0218923,1.91554,0.0133717,0.00476659,0.755552,113
01-1-000145,67.5512,188.373,67.551,188.373,10.592,0.262145,11.032,10.1249,0.397106,1.08959,146.66,0.000623777,0.00167323,0.0475582,0.0457358,2.43212,0.0132445,0.00680357,1,122
01-1-000146,67.6883,186.046,67.6897,186.043,44.9374,1.20693,46.259,43.3926,0.346542,1.06606,88.6401,0.00173568,0.00445598,0.131836,0.12986,1.9858,0.0104931,0.00440559,0.949255,491
01-1-000147,68.307,184.281,68.332,184.236,55.3995,0.676279,55.6016,53.0186,0.301249,1.04872,40.0677,0.00522692,0.00678531,0.110949,0.363516,3.09006,0.021553,0.00748874,0.687516,349
01-1-000148,69.1593,179.033,69.1385,179.004,53.282,2.0995,58.8539,49.228,0.548052,1.19554,61.3757,0.00396394,0.00922656,0.336907,0.210974,1.12107,0.00912885,0.00854923,0.884102,489
01-1-000149,68.3275,203.376,68.328,203.374,67.6235,1.08581,67.7583,67.3617,0.108028,1.00589,16.8743,0.00143078,0.00389535,0.10751,0.105911,12.4923,0.0204361,0.00224688,1,802
01-1-000150,64.0322,209.631,64.0311,209.635,17.5433,0.579936,18.5342,16.4439,0.461347,1.12712,48.2086,0.00159017,0.00360361,0.121015,0.110211,2.65576,0.0159649,0.0105463,1,198
01-1-000151,60.8983,222.186,60.8981,222.187,11.5045,0.360594,11.833,11.1416,0.336814,1.06205,45.9086,0.000900492,0.00184056,0.069684,0.065354,4.39392,0.0218783,0.00882763,1,137
01-1-000152,63.927,215.222,63.9266,215.217,11.3545,0.157856,11.9131,10.9501,0.393871,1.08794,171.886,0.000211342,0.00065933,0.021739,0.0156445,0.878261,0.00497126,0.00252138,0.860678,119
01-1-000153,64.0674,218.098,64.0674,218.097,9.25165,0.11863,9.4434,9.05345,0.284396,1.04307,132.27,0.000356923,0.000812235,0.0268465,0.0261482,3.15665,0.0130974,0.00422717,1,112
01-1-000154,65.4282,209.244,65.4282,209.244,10.4392,0.23346,10.8261,10.05,0.371812,1.07723,39.8667,0.000649165,0.00156358,0.049785,0.0460095,2.92139,0.0150394,0.00699003,1,120
01-1-000155,68.0741,196.449,68.0739,196.449,11.5667,0.376689,12.2837,10.8269,0.472369,1.13456,138.181,0.000733648,0.00199265,0.0563472,0.0524156,1.7682,0.0109685,0.0075667,0.984539,134
01-1-000156,68.4933,192.948,68.4931,192.949,10.1557,0.211582,10.5218,9.78439,0.36776,1.07536,62.9508,0.000587421,0.00155896,0.04397,0.0412761,2.75479,0.0139627,0.00638551,1,117
01-1-000157,68.9879,194.741,68.9878,194.741,18.6226,0.242421,18.8409,18.3821,0.219334,1.02496,96.8912,0.000726853,0.00195756,0.0542866,0.0522678,5.3624,0.0175683,0.00414912,1,209
01-1-000158,68.4459,190.583,68.4455,190.581,15.5428,0.433384,16.3066,14.6826,0.435044,1.11061,162.636,0.00126052,0.00358875,0.0984815,0.0931292,2.72103,0.0163215,0.00972686,1,174
01-1-000159,68.9501,189.968,68.9499,189.967,18.6087,0.273682,18.7924,18.3796,0.208442,1.02246,151.67,0.000870634,0.0024567,0.0652322,0.0646601,7.37564,0.0226802,0.00505325,1,201
01-1-000160,69.718,183.005,69.718,183.005,6.73091,0.0892247,6.83997,6.61752,0.252953,1.03361,48.73,0.000380889,0.00106615,0.0285569,0.0273374,5.82117,0.0217334,0.00607079,1,81
01-1-000161,69.6136,185.467,69.6125,185.461,7.44332,0.0975358,7.69706,7.34374,0.2995,1.04811,19.2005,0.000539656,0.00208775,0.0605953,0.0257964,4.55846,0.0262016,0.00903542,0.755147,66
01-1-000162,69.1823,169.558,69.182,169.56,11.7037,0.214123,11.826,11.5114,0.229121,1.02733,102.672,0.000618727,0.00220449,0.0453601,0.0571766,7.78551,0.0259518,0.00644707,0.851517,117
01-1-000163,68.365,167.226,68.3729,167.197,24.3274,0.429862,25.0661,22.811,0.414528,1.09886,54.777,0.00291605,0.00340408,0.103129,0.152583,2.77366,0.0156892,0.00862934,0.700397,172
01-1-000164,67.4663,160.29,67.4662,160.289,19.0312,0.462827,20.3218,17.7362,0.488136,1.14578,3.84152,0.00078272,0.00225488,0.064395,0.0589807,1.08502,0.00716792,0.00526306,0.98926,196
01-1-000165,67.4761,162.997,67.4801,162.996,44.1048,0.934227,44.6299,43.1676,0.253883,1.03387,9.69382,0.0025858,0.00494329,0.133188,0.180526,5.41755,0.0189317,0.00531162,0.81644,371
01-1-000166,69.0438,158.244,69.0442,158.245,63.2544,0.891304,63.895,62.5755,0.202179,1.02109,129.204,0.00120854,0.00319145,0.0900028,0.0848736,3.07618,0.00927656,0.00199669,0.953229,701
01-1-000167,66.9543,156.721,66.9538,156.721,13.4721,0.61612,14.6224,12.2935,0.541453,1.18944,39.2486,0.00130214,0.0033904,0.102107,0.0896001,1.96674,0.0131766,0.0120058,1,150
01-1-000168,66.4447,154.238,66.4448,154.237,15.6623,0.319139,16.2189,15.1017,0.364724,1.07398,127.854,0.000651508,0.00159659,0.0493419,0.0464558,1.99563,0.0102843,0.00464653,0.984509,168
01-1-000169,65.6057,149.914,65.6056,149.913,13.6071,0.288296,13.6445,13.5261,0.131456,1.00875,49.0469,0.000874562,0.0020752,0.0644137,0.0644275,25.2073,0.0501341,0.00676503,1,151
01-1-000170,66.2797,148.848,66.2801,148.847,25.0499,0.50534,26.009,24.0959,0.376427,1.07939,137.715,0.00067683,0.00167311,0.0517414,0.0487331,1.21703,0.00646847,0.00306212,1,273
01-1-000171,65.078,145.205,65.0773,145.208,17.5228,0.172996,17.7853,17.3198,0.227298,1.02688,156.288,0.000578972,0.00304903,0.0677942,0.049513,6.8834,0.0198793,0.00489276,0.746775,141
01-1-000172,62.5256,139.501,62.5272,139.499,12.7166,0.551776,14.0101,11.3417,0.58707,1.23527,17.0192,0.000919548,0.00247864,0.0726417,0.0708717,1.42377,0.00906418,0.0100302,0.839445,121
01-1-000173,62.1152,139.491,62.115,139.492,14.2505,0.435896,14.9156,13.5362,0.420011,1.10191,115.291,0.00118962,0.00242471,0.0904458,0.0831095,2.86804,0.0169213,0.00950883,0.987189,159
01-1-000174,63.8418,140.209,63.842,140.209,14.8385,0.443917,15.7807,13.8912,0.474479,1.13602,179.273,0.00071806,0.00179509,0.0586901,0.0537364,1.37204,0.00876349,0.00609609,1,178
01-1-000175,61.581,138.068,61.5811,138.069,14.5246,0.466337,15.1689,13.8928,0.401472,1.09186,165.861,0.000836389,0.00211724,0.0678529,0.0612316,2.69199,0.0131206,0.00685653,0.856817,145
01-1-000176,61.198,132.003,61.1943,131.998,12.9535,0.327675,13.406,12.1995,0.4146,1.0989,145.778,0.00109115,0.0020696,0.0733555,0.0922698,2.64462,0.0186459,0.0102585,0.841337,122
01-1-000177,62.1549,132.093,62.155,132.093,15.3687,0.107069,15.4854,15.2496,0.17385,1.01546,148.626,0.000269675,0.000582239,0.0202603,0.0198527,4.00363,0.0102958,0.00187424,1,183
01-1-000178,63.7349,136.593,63.7369,136.602,21.5012,0.674963,23.6764,19.6128,0.560178,1.20719,27.3348,0.000788533,0.00194517,0.0691702,0.0553844,0.667135,0.00497727,0.00490502,0.933807,218
01-1-000179,67.0996,148.22,67.0988,148.219,28.7609,1.08196,30.767,26.7125,0.496181,1.15178,47.858,0.00150495,0.00370084,0.112264,0.101825,1.28681,0.00801657,0.00607772,0.979669,323
01-1-000180,67.4497,152.23,67.4496,152.23,10.9978,0.137326,11.1641,10.8213,0.245889,1.03167,62.9165,0.00038708,0.000991486,0.0287959,0.028457,3.85424,0.0140747,0.00380019,1,130
01-1-000181,68.6023,151.484,68.6021,151.485,48.9364,0.448985,49.2864,48.5576,0.171335,1.01501,49.4123,0.000789338,0.00213047,0.0582664,0.0570096,3.78133,0.00943899,0.00169115,0.99634,531
01-1-000182,70.2112,163.775,70.2107,163.775,16.9994,0.552977,17.9058,16.0528,0.443009,1.11543,47.7405,0.00102076,0.00293097,0.0777152,0.0720575,1.86303,0.0113282,0.00696465,1,200
01-1-000183,69.8035,169.9,69.8036,169.9,12.3635,0.510848,13.6429,11.111,0.580283,1.22788,90.7774,0.00114341,0.00280679,0.0841659,0.0722503,1.432,0.0102453,0.011006,0.980571,140
01-1-000184,70.0836,176.849,70.0835,176.849,12.2584,0.151084,12.5245,11.9877,0.289618,1.04478,32.468,0.000409501,0.00122011,0.031096,0.0299905,2.67707,0.0111492,0.00368249,1,141
01-1-000185,70.9663,176.06,70.9661,176.059,26.0893,0.801288,27.6451,24.5072,0.462746,1.12804,130.5,0.0012214,0.00403385,0.0937,0.0871002,1.47706,0.00834044,0.00553998,0.923787,273
01-1-000186,71.0569,172.753,71.0567,172.752,23.9478,0.833426,25.9124,21.9836,0.529385,1.17871,169.596,0.00102034,0.00366038,0.0830471,0.0752588,1.02045,0.00637583,0.00552756,0.908311,235
01-1-000187,70.1593,186.71,70.1595,186.71,17.1068,0.243081,17.2868,16.8983,0.210813,1.02299,123.334,0.000687338,0.00198338,0.0505667,0.0500363,6.1089,0.0188663,0.00425793,1,193
01-1-000188,71.8679,183.871,71.8844,183.883,23.9308,0.648745,25.0011,21.759,0.492481,1.149,173.37,0.00130248,0.00328069,0.075569,0.106761,1.06457,0.00886357,0.00662149,0.809484,208
01-1-000189,72.0732,186.336,72.0937,186.379,20.2802,0.929361,22.5887,16.6556,0.675521,1.35623,164.243,0.00138825,0.00519591,0.101169,0.115785,0.845608,0.00665549,0.0112154,0.792725,185
01-1-000190,70.6566,185.803,70.6586,185.801,90.5704,1.31388,90.9726,90.1818,0.131562,1.00877,80.5962,0.00227265,0.00478974,0.170151,0.117439,8.08543,0.0170232,0.00229904,0.845377,845
01-1-000191,70.0517,193.394,70.0497,193.409,26.1729,0.616434,26.5402,25.3192,0.29983,1.04823,66.2011,0.00158189,0.00602908,0.111142,0.168013,4.40776,0.0238177,0.00822508,0.827993,230
01-1-000192,69.3409,194.749,69.356,194.747,19.676,0.293159,19.9972,18.3143,0.401532,1.09189,5.32132,0.00145476,0.00190844,0.0475661,0.110508,1.55537,0.0135486,0.00708189,0.749938,157
01-1-000193,70.0841,195.37,70.0846,195.391,13.4593,0.430399,14.4208,12.9218,0.443953,1.11601,173.367,0.00108668,0.00595084,0.155773,0.0816394,2.99021,0.0226318,0.0139656,0.81659,116
01-1-000194,70.13,196.138,70.1274,196.145,10.7417,0.290079,11.3022,9.97989,0.469371,1.1325,57.0037,0.000868104,0.00591271,0.083427,0.0987277,3.85848,0.0205036,0.0139785,0.743201,83
01-1-000195,68.2837,209.596,68.2861,209.598,14.6844,0.333492,15.3659,13.8287,0.435974,1.11116,0.058885,0.000742899,0.00196333,0.0537648,0.057508,1.60833,0.0100964,0.00603891,0.905182,154
01-1-000196,66.4176,211.754,66.418,211.754,13.2894,0.224453,13.5134,13.0676,0.254728,1.03411,23.9834,0.000785581,0.00185605,0.0576828,0.0506155,6.26628,0.0211597,0.00596061,0.875069,136
01-1-000197,65.1989,219.046,65.1989,219.046,10.4196,0.178633,10.8322,10.0091,0.38234,1.08223,21.7779,0.000324662,0.000801837,0.0253403,0.0239916,1.38082,0.0074795,0.00362474,1,121
01-1-000198,60.6891,230.375,60.689,230.375,11.9522,0.120926,12.1533,11.7454,0.256906,1.03473,171.447,0.000335538,0.00070297,0.0253335,0.0247899,2.9224,0.0107847,0.00306947,0.983138,138
01-1-000199,60.9806,230.656,60.9808,230.655,10.2113,0.250135,10.8857,9.54027,0.481584,1.14103,18.2174,0.000792994,0.00143569,0.05285,0.0487474,2.02946,0.0112414,0.00804239,0.835732,102
01-1-000200,61.1678,233.222,61.1675,233.224,44.006,1.01868,45.9884,42.0066,0.407022,1.09479,12.7664,0.00115264,0.00255127,0.0922791,0.0858239,1.02514,0.00587009,0.00313512,1,527
01-1-000201,61.8821,227.309,61.8835,227.22,96.9179,1.79374,98.6791,92.0781,0.359602,1.07169,81.1713,0.00238789,0.00911209,0.174345,0.324871,1.47515,0.00955392,0.00422874,0.785758,659
01-1-000202,61.6791,230.561,61.6969,230.45,33.487,0.426801,37.0997,34.1329,0.391842,1.08692,163.139,0.00935991,0.0356838,1.16899,0.352421,4.58948,0.0716279,0.03604,0.619978,165
01-1-000203,62.778,229.981,62.778,229.981,8.90278,0.197937,9.24524,8.55683,0.37865,1.08045,76.7279,0.000487657,0.00101103,0.0361045,0.0340047,2.41089,0.0126048,0.00601988,1,105
01-1-000204,62.7718,229.624,62.77,229.597,14.4556,0.413689,15.3213,12.8582,0.543762,1.19156,112.37,0.000261994,0.000842236,0.0197243,0.0281229,0.428051,0.0032873,0.00302406,0.787178,125
01-1-000205,68.8348,212.889,68.8348,212.889,10.2152,0.158486,10.4841,9.94157,0.317512,1.05457,88.2371,0.000407591,0.00108341,0.0302302,0.0290721,2.55299,0.0116304,0.0043309,1,119
01-1-000206,68.1561,216.793,68.1548,216.805,14.7966,0.546444,16.4018,13.4466,0.57261,1.21977,137.597,0.000797709,0.00243307,0.0732614,0.0538944,0.958741,0.00704418,0.00732017,0.907985,158
01-1-000207,68.4782,211.327,68.4812,211.331,36.0335,0.579658,36.2385,35.5045,0.200238,1.02067,155.909,0.0021353,0.00717377,0.105968,0.204444,11.2003,0.0309595,0.00659169,0.630576,258
01-1-000208,68.0666,210.611,68.0476,210.604,12.0385,0.14723,13.3926,12.0621,0.434528,1.1103,79.4116,0.00457844,0.00240249,0.298877,0.0600255,3.0393,0.0426842,0.0253866,0.692369,81
01-1-000209,69.5912,208.626,69.5912,208.626,12.4033,0.236238,12.8736,11.923,0.377141,1.07973,129.052,0.000543019,0.00152954,0.0408154,0.0388119,1.96977,0.0103349,0.00490634,0.985803,144
01-1-000210,69.8317,206.559,69.8317,206.559,9.48956,0.194959,9.82542,9.13634,0.367896,1.07542,177.604,0.000439021,0.00132036,0.0332491,0.0324908,2.28436,0.0115374,0.00527923,0.982279,105
01-1-000211,71.0464,199.829,71.0465,199.827,14.9476,0.40432,15.5371,14.2673,0.395953,1.089,8.09097,0.00113793,0.00365677,0.0879765,0.0855173,3.12642,0.0175598,0.00897946,1,165
01-1-000212,71.6891,188.876,71.6896,188.876,10.8187,0.51437,12.3882,9.34092,0.656854,1.32623,159.466,0.000610387,0.00228297,0.053639,0.0441619,0.747035,0.00554897,0.00850231,0.982052,125
01-1-000213,70.8241,181.96,70.8262,181.962,8.98056,0.0753132,9.21635,8.89286,0.262618,1.03638,63.9227,0.000591198,0.00091395,0.044829,0.0194361,3.61186,0.0189049,0.00552652,0.761933,73
01-1-000214,70.9539,179.18,70.9529,179.183,11.7861,0.454376,12.3257,11.221,0.413791,1.09845,137.538,0.00168771,0.00477812,0.13932,0.104385,4.71549,0.0293202,0.0160802,0.87309,120
01-1-000215,70.9481,177.815,70.9485,177.826,9.30406,0.194689,9.70651,9.11979,0.342402,1.06434,1.03782,0.000688787,0.0039815,0.100741,0.0480916,4.53048,0.0300135,0.0123905,0.785563,80
01-1-000216,72.1082,179.027,72.1069,179.02,11.5701,0.392416,12.0145,10.9184,0.417293,1.10039,133.656,0.00110937,0.00474059,0.0826366,0.0965551,4.43032,0.0221724,0.0123279,0.838087,108
01-1-000217,71.9936,175.429,71.9935,175.429,10.6045,0.198139,10.6405,10.5411,0.136402,1.00943,122.724,0.000715954,0.00226778,0.053765,0.0522002,24.4631,0.0509034,0.00714168,1,116
01-1-000218,71.7058,176.166,71.7333,175.914,64.5197,0.967711,70.1843,62.3887,0.45805,1.12495,3.40641,0.00256979,0.0215947,0.454243,0.131893,1.0099,0.0117457,0.00765943,0.528532,272
01-1-000219,72.6128,166.919,72.6155,166.922,91.9716,2.18558,94.9864,88.8642,0.353204,1.06889,72.7387,0.00211968,0.00676984,0.160414,0.148894,1.1594,0.00589511,0.00254286,0.995373,1059
01-1-000220,73.8351,167.261,73.834,167.256,151.279,2.74634,152.73,146.823,0.275423,1.04023,174.806,0.00647822,0.0164366,0.253781,0.576272,3.03843,0.0143011,0.00443365,0.527127,692
01-1-000221,74.9992,176.853,75.0001,176.851,67.4715,1.38273,69.5653,65.1587,0.350254,1.06763,131.877,0.00179633,0.00699906,0.134145,0.130716,1.43897,0.00696994,0.0029708,0.993616,754
01-1-000222,70.7809,159.496,70.7809,159.495,11.1513,0.200963,11.4756,10.823,0.332429,1.0603,63.3975,0.000517839,0.0015381,0.0384183,0.0365323,2.77886,0.0127207,0.00504079,1,122
01-1-000223,69.8485,157.436,69.8484,157.436,12.1962,0.147246,12.3048,12.0777,0.19122,1.0188,82.9047,0.000443607,0.00126407,0.0329567,0.0323579,6.70789,0.019087,0.00385955,0.985542,138
01-1-000224,69.7976,153.42,69.7974,153.418,12.7742,0.456837,13.4146,12.0854,0.433985,1.10998,82.8075,0.00130384,0.00343938,0.0972102,0.087672,3.21585,0.0191769,0.0113814,0.986383,149
01-1-000225,68.2081,145.905,68.2078,145.91,10.5162,0.166228,10.8856,10.2597,0.3342,1.06101,156.867,0.000472394,0.00189529,0.0515879,0.0348123,3.14435,0.0154925,0.00618416,0.840453,99
01-1-000226,68.5557,147.274,68.5405,147.261,17.787,0.437543,18.5138,16.0152,0.501705,1.15602,156.518,0.00112512,0.00198192,0.0527646,0.086409,1.10514,0.00910099,0.00705392,0.770644,145
01-1-000227,68.0673,147.112,68.061,147.099,27.3988,0.486096,27.8575,26.4601,0.312743,1.05281,161.498,0.00257457,0.00545221,0.143989,0.211022,3.8883,0.0274157,0.0100055,0.659024,184
01-1-000228,68.9017,147.525,68.9105,147.532,15.8494,0.539292,17.3732,13.8848,0.601053,1.25124,6.48472,0.000847803,0.0022364,0.0571516,0.061928,0.823725,0.0058895,0.00693442,0.827423,149
01-1-000229,69.22,148.776,69.2223,148.77,13.5342,0.517868,14.4422,12.3936,0.513397,1.1653,62.9499,0.00121693,0.0032328,0.0853331,0.0888077,1.99155,0.0133221,0.0108227,0.886154,139
01-1-000230,69.6442,147.167,69.6444,147.168,14.5619,0.737097,16.1072,13.0362,0.587334,1.23557,133.927,0.00131067,0.00361068,0.102786,0.0872045,1.4195,0.0103107,0.0114228,1,169
01-1-000231,67.684,143.304,67.6841,143.307,28.8542,1.0792,30.8256,26.8278,0.492505,1.14902,107.444,0.00178402,0.00396527,0.121774,0.111661,1.51119,0.00882525,0.00659351,0.909501,310
01-1-000232,65.249,138.147,65.2644,138.177,19.3683,0.785652,22.4665,17.6739,0.617361,1.27116,36.407,0.00296942,0.00588729,0.244006,0.107892,1.59523,0.0124893,0.0158374,0.792505,166
01-1-000233,66.1324,139.168,66.1296,139.184,46.3725,0.65828,47.1296,45.147,0.286996,1.04392,52.8526,0.00101102,0.0035431,0.0741315,0.102201,2.1106,0.00881373,0.00287761,0.824212,403
01-1-000234,66.9412,140.714,66.9364,140.719,17.5241,0.321878,18.4957,16.7948,0.418891,1.10128,102.913,0.00163149,0.00226279,0.0937252,0.0625824,2.45732,0.012381,0.00692702,0.748581,141
01-1-000235,66.3962,136.636,66.3959,136.636,33.1437,0.931789,34.8908,31.368,0.437879,1.11231,28.4948,0.00113622,0.00294778,0.0880039,0.081843,1.15675,0.00669854,0.00403651,1,393
01-1-000236,61.5407,131.257,61.5386,131.249,20.7742,0.739295,22.1218,19.5198,0.470544,1.1333,29.2323,0.00150179,0.00343659,0.134342,0.105066,1.94708,0.0134273,0.00919659,0.920441,222
01-1-000237,62.7125,127.184,62.7125,127.184,16.7885,0.169938,17.0927,16.4752,0.266372,1.03748,114.869,0.000457677,0.000990484,0.0345626,0.0336712,2.53142,0.0100274,0.00298277,1,187
01-1-000238,63.1831,128.791,63.1806,128.791,9.53976,0.250301,10.184,9.06116,0.456461,1.12392,61.4445,0.000908335,0.00127842,0.0626382,0.0423134,2.37845,0.0133932,0.00867947,0.830601,85
01-1-000239,63.7156,130.567,63.7199,130.565,11.7272,0.28257,12.5292,11.1819,0.451109,1.12049,123.198,0.000937449,0.00114326,0.0634489,0.0378531,1.89403,0.0107552,0.00682529,0.793059,82
01-1-000240,63.8883,127.699,63.9021,127.702,23.8869,0.842275,25.4667,23.1286,0.418555,1.10109,98.5929,0.00485493,0.00493559,0.344203,0.143076,4.50636,0.0292917,0.0163668,0.759561,176
01-1-000241,64.0688,130.902,64.0751,130.913,18.3713,0.614984,19.0981,16.7865,0.476894,1.13771,157.939,0.00164552,0.00311645,0.0858173,0.12922,2.2044,0.0144398,0.0101408,0.680881,120
01-1-000242,64.8544,130.402,64.8536,130.421,20.7381,0.448363,22.0503,19.8501,0.435443,1.11084,165.223,0.00117873,0.00589302,0.146313,0.0839473,2.79357,0.0146439,0.00874069,0.751473,133
01-1-000243,65.2491,135.363,65.2498,135.366,24.9462,0.661386,25.3597,24.4659,0.263148,1.03653,10.8223,0.00190073,0.00505857,0.163465,0.135405,7.68047,0.0300498,0.00880622,0.898969,212
01-1-000244,67.3065,136.018,67.3064,136.018,14.8125,0.151944,14.8338,14.7785,0.0862922,1.00374,7.32882,0.000474265,0.00122904,0.0350117,0.0349844,29.999,0.0384503,0.00335537,1,159
01-1-000245,67.2669,137.488,67.2671,137.485,14.2803,0.30469,14.437,14.1174,0.20923,1.02263,7.96909,0.00116216,0.00386769,0.113522,0.0856987,14.0867,0.0453995,0.0101587,0.852697,115
01-1-000246,68.5762,143.023,68.5751,143.029,25.6245,1.00318,27.434,23.7883,0.498121,1.15326,49.2634,0.00167061,0.00456823,0.127042,0.113437,1.64509,0.0100333,0.00766585,0.989376,259
01-1-000247,69.9777,146.126,69.9585,146.122,14.1397,0.523462,16.1057,13.2714,0.566565,1.21357,74.9858,0.00462934,0.0044065,0.303707,0.109329,3.00441,0.0246619,0.0249729,0.771047,110
01-1-000248,69.7729,146.272,69.7704,146.286,11.633,0.153346,12.0755,11.2937,0.353986,1.06923,7.37685,0.00454789,0.0125697,0.277422,0.220099,11.9738,0.0744423,0.0322123,0.624313,63
01-1-000249,70.9731,153.544,70.9749,153.528,13.2628,0.474383,14.4424,11.7247,0.583899,1.23179,62.0547,0.000716247,0.00231652,0.0540943,0.0569105,0.908399,0.00692022,0.00755212,0.867111,119
01-1-000250,70.1293,151.609,70.1229,151.608,16.7226,0.499838,17.7097,15.3038,0.503236,1.15721,160.705,0.00104884,0.00219262,0.0553382,0.0695414,1.33292,0.00818334,0.00638171,0.806668,124
01-1-000251,71.9038,158.315,71.9029,158.347,41.1327,0.758272,42.6182,39.6463,0.366885,1.07496,7.11411,0.0013469,0.00466917,0.102843,0.0956303,1.66851,0.00804796,0.0036677,0.64455,255
01-1-000252,72.4596,156.885,72.4597,156.885,13.0654,0.368366,13.5355,12.5583,0.37307,1.07781,45.1771,0.000937924,0.00309514,0.0708237,0.0670517,3.34112,0.0172494,0.00805741,1,142
01-1-000253,71.8897,160.845,71.8901,160.846,14.1353,0.378024,14.4699,13.7769,0.305778,1.05031,8.49555,0.000897214,0.00306752,0.0715181,0.0665012,4.58176,0.020481,0.00725615,1,151
01-1-000254,72.0462,162.941,72.0465,162.946,10.4509,0.217306,11.041,9.77231,0.465411,1.12982,89.9956,0.000531547,0.00175342,0.0328202,0.0361192,1.55848,0.00798377,0.00535889,0.778893,81
01-1-000255,72.4025,174.798,72.4026,174.798,10.3805,0.143773,10.6859,10.0623,0.336608,1.06197,138.53,0.000312678,0.00102123,0.0232004,0.0228381,1.73507,0.00827376,0.00333553,1,118
01-1-000256,73.036,178.296,73.0372,178.297,12.2787,0.525359,13.5624,10.9953,0.585427,1.23346,100.792,0.000984524,0.00289587,0.0732612,0.0640121,1.20092,0.0089165,0.00979592,0.979699,123
01-1-000257,72.6136,179.963,72.6134,179.964,22.3306,0.632225,23.9261,20.7864,0.495211,1.15105,169.654,0.000902462,0.00341468,0.075833,0.0675023,1.04916,0.00691615,0.00522319,1,221
01-1-000258,72.7807,183.397,72.7807,183.397,13.855,0.0965449,13.8757,13.8298,0.0812568,1.00332,82.6407,0.000299187,0.000989837,0.0223768,0.0217894,22.2699,0.0275627,0.00226203,1,156
01-1-000259,73.5291,185.453,73.5301,185.453,34.062,0.71324,34.6565,33.3807,0.268839,1.03822,167.163,0.00127286,0.00460704,0.0972868,0.0956678,3.45951,0.0138439,0.00416507,1,310
01-1-000260,72.9327,193.192,72.9328,193.192,15.6774,0.144267,15.7563,15.59,0.144878,1.01066,29.5903,0.000429397,0.00146543,0.0320343,0.0313493,9.06236,0.0193234,0.00289006,1,172
01-1-000261,71.9585,193.672,71.9587,193.672,12.0288,0.317887,12.7268,11.2992,0.460186,1.12635,164.538,0.000686264,0.00237446,0.0537384,0.0508939,1.74116,0.010575,0.00695399,1,128
01-1-000262,72.0593,198.801,72.0578,198.786,14.067,0.535874,15.286,12.5382,0.572013,1.21915,123.194,0.00100254,0.00330102,0.074649,0.075918,1.25541,0.00914947,0.00948359,0.898381,124
01-1-000263,71.9239,196.739,71.9238,196.739,10.3964,0.270547,10.9796,9.80234,0.4505,1.1201,60.3919,0.000718215,0.0022121,0.0542906,0.0502773,2.04635,0.0126049,0.00798009,0.975035,109